[
	{
		"pkg": "@capacitor-community/safe-area",
		"classpath": "com.getcapacitor.community.safearea.SafeAreaPlugin"
	},
	{
		"pkg": "@capacitor/local-notifications",
		"classpath": "com.capacitorjs.plugins.localnotifications.LocalNotificationsPlugin"
	},
	{
		"pkg": "@capacitor/preferences",
		"classpath": "com.capacitorjs.plugins.preferences.PreferencesPlugin"
	},
	{
		"pkg": "@capacitor/push-notifications",
		"classpath": "com.capacitorjs.plugins.pushnotifications.PushNotificationsPlugin"
	},
	{
		"pkg": "@capacitor/status-bar",
		"classpath": "com.capacitorjs.plugins.statusbar.StatusBarPlugin"
	},
	{
		"pkg": "@capawesome/capacitor-background-task",
		"classpath": "io.capawesome.capacitorjs.plugins.backgroundtask.BackgroundTaskPlugin"
	},
	{
		"pkg": "capacitor-notification-reader",
		"classpath": "com.budget.plugins.notificationreader.NotificationReaderPlugin"
	},
	{
		"pkg": "capacitor-plugin-safe-area",
		"classpath": "com.capacitor.safearea.SafeAreaPlugin"
	},
	{
		"pkg": "capacitor-safe-area",
		"classpath": "com.budget.plugins.safearea.SafeAreaPlugin"
	}
]
